{"best_train_metric": 0.6795307589710478, "best_epoch": 4, "training_stats": [{"Epoch": 1, "Training Loss generator": 0.5793751976708045, "Training Loss discriminator": 6.96447212889875, "Training Loss": 4.3541789054870605, "Validation Loss": 4.3566155433654785, "Test Loss": 4.378732204437256, "Training Result": {"f1_micro": 0.3326021527317247, "recall_micro": 0.21199115619716477, "precision_micro": 0.7715976331360946, "f1_macro": 0.10888443553774214, "recall_macro": 0.125, "precision_macro": 0.09644970414201183}, "Validation Result": {"f1_micro": 0.33231635766252055, "recall_micro": 0.21102831594634874, "precision_micro": 0.7814569536423841, "f1_macro": 0.10966542750929369, "recall_macro": 0.125, "precision_macro": 0.09768211920529801}, "Test Result": {"f1_micro": 0.3334928229665072, "recall_micro": 0.21288943188759926, "precision_micro": 0.7693156732891833, "f1_macro": 0.10870243293824079, "recall_macro": 0.125, "precision_macro": 0.09616445916114791}, "Training Time": "0:01:55", "Validation Time": "0:00:04", "Test Time": "0:00:04"}, {"Epoch": 2, "Training Loss generator": 0.8262401402898006, "Training Loss discriminator": 5.215821194964231, "Training Loss": 4.222352981567383, "Validation Loss": 4.240883827209473, "Test Loss": 4.268489360809326, "Training Result": {"f1_micro": 0.3326021527317247, "recall_micro": 0.21199115619716477, "precision_micro": 0.7715976331360946, "f1_macro": 0.10888443553774214, "recall_macro": 0.125, "precision_macro": 0.09644970414201183}, "Validation Result": {"f1_micro": 0.33231635766252055, "recall_micro": 0.21102831594634874, "precision_micro": 0.7814569536423841, "f1_macro": 0.10966542750929369, "recall_macro": 0.125, "precision_macro": 0.09768211920529801}, "Test Result": {"f1_micro": 0.3334928229665072, "recall_micro": 0.21288943188759926, "precision_micro": 0.7693156732891833, "f1_macro": 0.10870243293824079, "recall_macro": 0.125, "precision_macro": 0.09616445916114791}, "Training Time": "0:01:54", "Validation Time": "0:00:04", "Test Time": "0:00:04"}, {"Epoch": 3, "Training Loss generator": 0.8034228792938708, "Training Loss discriminator": 5.076018996409974, "Training Loss": 4.133737564086914, "Validation Loss": 4.186758995056152, "Test Loss": 4.232183456420898, "Training Result": {"f1_micro": 0.49438010171374847, "recall_micro": 0.3761217323449083, "precision_micro": 0.7211070938785688, "f1_macro": 0.3196587562100943, "recall_macro": 0.2801519707280177, "precision_macro": 0.7396858733645779}, "Validation Result": {"f1_micro": 0.4960285941223193, "recall_micro": 0.3722801788375559, "precision_micro": 0.7430101130279595, "f1_macro": 0.3162480910313423, "recall_macro": 0.27223552830875275, "precision_macro": 0.6963177574689798}, "Test Result": {"f1_micro": 0.49185667752442996, "recall_micro": 0.36896762370189373, "precision_micro": 0.7374847374847375, "f1_macro": 0.3119287973434155, "recall_macro": 0.2703253587933953, "precision_macro": 0.4449023555689739}, "Training Time": "0:01:55", "Validation Time": "0:00:04", "Test Time": "0:00:04"}, {"Epoch": 4, "Training Loss generator": 0.7968984545967304, "Training Loss discriminator": 4.919187381722751, "Training Loss": 3.8538658618927, "Validation Loss": 4.037270545959473, "Test Loss": 4.093471050262451, "Training Result": {"f1_micro": 0.7111182108626198, "recall_micro": 0.7236961893614254, "precision_micro": 0.6989699786458987, "f1_macro": 0.6403301766657163, "recall_macro": 0.6643542014773594, "precision_macro": 0.6491976803155909}, "Validation Result": {"f1_micro": 0.6968085106382979, "recall_micro": 0.7028315946348733, "precision_micro": 0.6908877820099619, "f1_macro": 0.6244276481918605, "recall_macro": 0.6393298398786886, "precision_macro": 0.630965404964297}, "Test Result": {"f1_micro": 0.6805915535904864, "recall_micro": 0.681734880879658, "precision_micro": 0.6794520547945205, "f1_macro": 0.6049762385946723, "recall_macro": 0.6164876451260778, "precision_macro": 0.6215750462541394}, "Training Time": "0:01:55", "Validation Time": "0:00:04", "Test Time": "0:00:04"}, {"Epoch": 5, "Training Loss generator": 0.8026822997514151, "Training Loss discriminator": 4.643070630179912, "Training Loss": 3.490525722503662, "Validation Loss": 3.819920778274536, "Test Loss": 3.889408588409424, "Training Result": {"f1_micro": 0.7488628202058893, "recall_micro": 0.8136298608401613, "precision_micro": 0.6936467457589534, "f1_macro": 0.6889757820371791, "recall_macro": 0.7612743768913016, "precision_macro": 0.6466511752513145}, "Validation Result": {"f1_micro": 0.7389867841409692, "recall_micro": 0.8, "precision_micro": 0.6866206190841647, "f1_macro": 0.6795307589710478, "recall_macro": 0.7455415483367374, "precision_macro": 0.6360225176256289}, "Test Result": {"f1_micro": 0.7132086009494555, "recall_micro": 0.7800855222968845, "precision_micro": 0.6568930041152263, "f1_macro": 0.6549125363327899, "recall_macro": 0.7267366112408833, "precision_macro": 0.6096001291207225}, "Training Time": "0:01:55", "Validation Time": "0:00:04", "Test Time": "0:00:04"}]},
